{"cameraMode":{"drawMode":0,"name":"Shaded","section":"Shading Mode"},"sceneLighting":true,"audioPlay":false,"sceneViewState":{"showFog":false,"showMaterialUpdate":false,"showSkybox":false,"showFlares":false,"showImageEffects":false,"showParticleSystems":false},"in2DMode":false,"pivot":{"x":-2077.6611328125,"y":-851.4761352539063,"z":-586.828857421875},"rotation":{"x":0.11286214739084244,"y":-0.7834401726722717,"z":0.14953145384788514,"w":0.5930800437927246},"size":2328.72705078125,"orthographic":false}